id,title,content,created_at
1,이거 써보니 안 좋던데,별점 1점 드립니다.,2024-06-04 11:14:05.383327
2,배송 안옴,빨리 좀...,2024-06-04 11:52:31.710960
3,배송 안옴,빨리 좀,2024-06-04 11:53:52.279729
9,ㄴㅇㄹㄴㅇ,ㄹㄴㅇㄹㄴㅇㄹ,2024-06-05 11:47:05.870597
10,ㄴㅇㄹㄴㅇ,ㄹㄴㅇㄹㄴㅇㄹ,2024-06-05 11:59:34.634766
11,ㄴㅇㄹㄴㅇ,ㄹㄴㅇㄹㄴㅇㄹ,2024-06-05 12:01:57.598113
12,ㄴㅇㄹㄴㅇ,ㄹㄴㅇㄹㄴㅇㄹ,2024-06-05 13:17:32.664717
13,sdfsdf,sdfsdf,2024-06-05 13:22:16.221176
14,필로시코스,ㄴㄹㄴㅇㄹㄴ,2024-06-05 14:38:23.828365
15,필로시코스,ㄴㄹㄴㅇㄹㄴ,2024-06-05 14:58:24.910833
16,필로시코스,ㄴㄹㄴㅇㄹㄴ,2024-06-05 15:06:00.998022
17,필로시코스,ㄴㄹㄴㅇㄹㄴ,2024-06-05 15:06:56.825815
19,ㄴㅇㄹㄴㅇ,ㄴㅇㄹㄴㅇㄹ,2024-06-05 15:20:56.675509
20,디비큐시향지,ㄴㅇㄹㄴㅇㄹ,2024-06-05 15:22:45.207715
21,조말론 시향지,ㄴㅇㄹㄴㅇㄹ,2024-06-05 15:23:52.280544
22,제라리,ㄴㅇㄹㄴㅇㄹ,2024-06-05 16:03:36.712361
23,조라리,ㄴㄹㄴㅇㄹ,2024-06-05 17:21:18.705643
24,조라리,ㄴㄹㄴㅇㄹ,2024-06-05 17:21:52.607767
25,ㄴㅇㄹㄴㅇㄹ,ㄴㅇㄹㄴㅇㄹ,2024-06-06 01:02:02.262348
27,감지덕지,ㅇㅇ,2024-06-09 20:42:28.615176
18,ㄹㄴㅇㄹ,ㄴㅇㄹㄴ,2024-06-05 15:16:59.292851
26,좋아요,ㅇㅇ,2024-06-09 20:41:49.501164
29,ㄹㄴㅇㄹㄴㅇㄹ,ㄴㅇㄹㄴㅇㄹ,2024-06-10 11:54:53.376153
30,ㅇㄹㄴㄹㄴㅇㄹㄴㅇㄹ,ㄴㅇㄹㄴㅇㄹㄴㅇㄹ,2024-06-10 11:57:16.286492
31,제라뤼,ㅇㅇ,2024-06-10 12:06:55.869384
32,괜찮은데?,ㄱㄱㄱ,2024-06-10 12:39:52.747227
33,이거 ㄱㅊ?,이거 괜찮나요?,2024-06-10 13:16:39.937440
34,ㄴㄹㄴㅇㄹㄴㅇㄹ,ㄴㅇㄹㄴㅇㄹㄴㅇ,2024-06-10 15:00:32.098587
35,ㄴㅇㄹㄴ,ㄴㄴㄴㄴㄴㄴㄴㄴㄴㄴㄴㄴㄴㄴㄴㄴㄴㄴㄴㄴㄴㄴㄴㄴㄴㄴㄴㄴㄴㄴㄴㄴㄴㄴㄴㄴㄴㄴㄴㄴㄴㄴㄴㄴㄴㄴㄴㄴㄴㄴㄴㄴㄴㄴㄴㄴㄴㄴㄴㄴㄴㄴㄴㄴㄴㄴㄴㄴㄴㄴㄴㄴㄴㄴㄴㄴㄴㄴㄴㄴㄴㄴㄴㄴㄴㄴㄴㄴㄴㄴㄴㄴㄴㄴㄴㄴㄴㄴㄴㄴㄴㄴㄴㄴㄴㄴㄴㄴㄴㄴㄴㄴㄴㄴㄴㄴㄴㄴㄴㄴㄴㄴㄴㄴㄴㄴㄴㄴㄴㄴㄴㄴㄴㄴㄴㄴㄴㄴㄴㄴㄴㄴㄴㄴㄴㄴㄴㄴㄴㄴㄴㄴㄴㄴㄴㄴㄴㄴㄴㄴㄴㄴㄴㄴㄴㄴㄴㄴㄴㄴㄴㄴㄴㄴㄴㄴㄴㄴㄴㄴㄴㄴㄴㄴㄴㄴㄴㄴㄴㄴㄴㄴㄴㄴㄴㄴㄴㄴㄴㄴㄴㄴㄴㄴㄴㄴㄴㄴㄴㄴㄴㄴㄴㄴㄴㄴㄴㄴㄴㄴㄴㄴㄴㄴㄴㄴㄴㄴㄴ,2024-06-13 15:19:58.624810
28,분신술!,두둥,2024-06-10 10:53:34.485553
